index,position,r,g,b
0,0,0,0,2
1,0.0015748031496062992,0,0,4
2,0.0031496062992125984,0,0,6
3,0.0047244094488188976,0,0,8
4,0.0062992125984251968,1,1,12
5,0.007874015748031496,1,0,14
6,0.0094488188976377951,0,0,16
7,0.011023622047244094,1,0,21
8,0.012598425196850394,0,1,22
9,0.014173228346456693,0,0,26
10,0.015748031496062992,0,0,28
11,0.017322834645669291,1,0,31
12,0.01889763779527559,0,1,32
13,0.020472440944881889,0,0,33
14,0.022047244094488189,0,0,36
15,0.023622047244094488,0,0,37
16,0.025196850393700787,1,0,40
17,0.026771653543307086,1,0,42
18,0.028346456692913385,0,0,44
19,0.029921259842519685,0,0,46
20,0.031496062992125984,0,0,48
21,0.033070866141732283,0,0,50
22,0.034645669291338582,0,0,51
23,0.036220472440944881,0,0,52
24,0.037795275590551181,0,0,54
25,0.03937007874015748,0,0,56
26,0.040944881889763779,0,1,58
27,0.042519685039370078,0,1,58
28,0.044094488188976377,0,0,60
29,0.045669291338582677,0,0,62
30,0.047244094488188976,0,0,64
31,0.048818897637795275,0,0,65
32,0.050393700787401574,0,0,67
33,0.051968503937007873,0,0,68
34,0.053543307086614172,0,0,70
35,0.055118110236220472,0,0,71
36,0.056692913385826771,1,1,74
37,0.05826771653543307,1,0,76
38,0.059842519685039369,1,0,78
39,0.061417322834645668,1,0,80
40,0.062992125984251968,0,0,82
41,0.064566929133858267,0,1,83
42,0.066141732283464566,2,0,84
43,0.067716535433070865,1,1,84
44,0.069291338582677164,0,1,84
45,0.070866141732283464,0,0,84
46,0.072440944881889763,0,0,86
47,0.074015748031496062,1,1,90
48,0.075590551181102361,0,2,93
49,0.07716535433070866,0,2,94
50,0.07874015748031496,0,1,95
51,0.080314960629921259,0,0,97
52,0.081889763779527558,1,1,100
53,0.083464566929133857,1,1,101
54,0.085039370078740156,0,0,102
55,0.086614173228346455,0,0,103
56,0.088188976377952755,0,0,105
57,0.089763779527559054,0,0,106
58,0.091338582677165353,0,0,108
59,0.092913385826771652,0,0,110
60,0.094488188976377951,0,0,112
61,0.096062992125984251,0,0,112
62,0.09763779527559055,0,0,114
63,0.099212598425196849,0,0,115
64,0.10078740157480315,1,1,119
65,0.10236220472440945,0,0,120
66,0.10393700787401575,0,0,121
67,0.10551181102362205,0,0,122
68,0.10708661417322834,0,0,124
69,0.10866141732283464,1,0,127
70,0.11023622047244094,0,0,128
71,0.11181102362204724,1,0,129
72,0.11338582677165354,0,0,130
73,0.11496062992125984,0,0,132
74,0.11653543307086614,1,1,132
75,0.11811023622047244,1,1,134
76,0.11968503937007874,0,2,134
77,0.12125984251968504,1,2,136
78,0.12283464566929134,1,0,136
79,0.12440944881889764,1,0,136
80,0.12598425196850394,0,0,138
81,0.12755905511811025,0,2,143
82,0.12913385826771653,1,1,145
83,0.13070866141732285,1,0,146
84,0.13228346456692913,1,0,147
85,0.13385826771653545,1,0,148
86,0.13543307086614173,0,0,148
87,0.13700787401574804,1,1,149
88,0.13858267716535433,0,2,150
89,0.14015748031496064,0,1,152
90,0.14173228346456693,0,1,154
91,0.14330708661417324,0,0,156
92,0.14488188976377953,0,0,158
93,0.14645669291338584,0,0,160
94,0.14803149606299212,1,0,164
95,0.14960629921259844,2,0,164
96,0.15118110236220472,0,0,165
97,0.15275590551181104,0,0,167
98,0.15433070866141732,0,0,168
99,0.15590551181102363,0,0,170
100,0.15748031496062992,0,0,172
101,0.15905511811023623,0,0,174
102,0.16062992125984252,0,0,175
103,0.16220472440944883,0,0,177
104,0.16377952755905512,1,2,180
105,0.16535433070866143,0,1,180
106,0.16692913385826771,0,0,182
107,0.16850393700787403,0,0,184
108,0.17007874015748031,0,0,186
109,0.17165354330708663,1,0,189
110,0.17322834645669291,0,1,190
111,0.17480314960629922,0,0,192
112,0.17637795275590551,0,0,192
113,0.17795275590551182,0,0,194
114,0.17952755905511811,1,2,194
115,0.18110236220472442,2,0,197
116,0.18267716535433071,1,0,198
117,0.18425196850393702,1,0,199
118,0.1858267716535433,1,0,201
119,0.18740157480314962,1,0,200
120,0.1889763779527559,1,0,200
121,0.19055118110236222,2,1,201
122,0.1921259842519685,2,1,204
123,0.19370078740157481,2,0,206
124,0.1952755905511811,1,0,208
125,0.19685039370078741,1,0,210
126,0.1984251968503937,1,1,210
127,0.20000000000000001,1,1,210
128,0.2015748031496063,2,1,209
129,0.20314960629921261,1,2,210
130,0.20472440944881889,1,1,211
131,0.20629921259842521,1,1,213
132,0.20787401574803149,1,2,218
133,0.20944881889763781,2,2,222
134,0.21102362204724409,1,0,224
135,0.2125984251968504,0,1,226
136,0.21417322834645669,0,1,228
137,0.215748031496063,0,0,229
138,0.21732283464566929,0,0,230
139,0.2188976377952756,0,1,233
140,0.22047244094488189,0,0,234
141,0.2220472440944882,0,0,236
142,0.22362204724409449,0,0,236
143,0.2251968503937008,2,2,240
144,0.22677165354330708,0,0,241
145,0.2283464566929134,0,0,242
146,0.22992125984251968,2,1,245
147,0.23149606299212599,2,0,247
148,0.23307086614173228,2,0,249
149,0.23464566929133859,2,0,249
150,0.23622047244094488,4,0,250
151,0.23779527559055119,9,1,252
152,0.23937007874015748,16,1,252
153,0.24094488188976379,20,1,251
154,0.24251968503937008,28,2,252
155,0.24409448818897639,32,0,252
156,0.24566929133858267,37,0,252
157,0.24724409448818899,44,2,253
158,0.24881889763779527,50,1,252
159,0.25039370078740159,54,2,252
160,0.25196850393700787,60,0,252
161,0.25354330708661416,62,0,251
162,0.2551181102362205,66,2,249
163,0.25669291338582678,70,2,248
164,0.25826771653543307,72,2,248
165,0.25984251968503935,74,1,248
166,0.26141732283464569,78,2,250
167,0.26299212598425198,82,2,250
168,0.26456692913385826,83,1,249
169,0.26614173228346455,87,2,247
170,0.26771653543307089,89,3,246
171,0.26929133858267718,91,4,244
172,0.27086614173228346,92,2,244
173,0.27244094488188975,92,2,245
174,0.27401574803149609,96,2,248
175,0.27559055118110237,96,1,251
176,0.27716535433070866,99,1,252
177,0.27874015748031494,100,1,251
178,0.28031496062992128,101,0,252
179,0.28188976377952757,103,0,252
180,0.28346456692913385,104,0,252
181,0.28503937007874014,106,1,252
182,0.28661417322834648,109,1,252
183,0.28818897637795277,110,0,252
184,0.28976377952755905,112,2,252
185,0.29133858267716534,112,2,252
186,0.29291338582677168,113,0,252
187,0.29448818897637796,114,2,252
188,0.29606299212598425,116,1,253
189,0.29763779527559053,118,2,252
190,0.29921259842519687,120,1,253
191,0.30078740157480316,121,1,252
192,0.30236220472440944,122,0,254
193,0.30393700787401573,123,1,252
194,0.30551181102362207,126,1,253
195,0.30708661417322836,127,2,252
196,0.30866141732283464,129,1,253
197,0.31023622047244093,130,1,252
198,0.31181102362204727,130,0,252
199,0.31338582677165355,132,1,252
200,0.31496062992125984,133,0,252
201,0.31653543307086612,135,2,253
202,0.31811023622047246,136,1,252
203,0.31968503937007875,137,2,250
204,0.32125984251968503,138,2,248
205,0.32283464566929132,138,4,246
206,0.32440944881889766,140,4,244
207,0.32598425196850395,140,4,243
208,0.32755905511811023,142,4,244
209,0.32913385826771652,144,4,247
210,0.33070866141732286,146,1,250
211,0.33228346456692914,148,2,251
212,0.33385826771653543,151,2,252
213,0.33543307086614171,151,3,249
214,0.33700787401574805,152,4,247
215,0.33858267716535434,152,5,244
216,0.34015748031496063,154,4,244
217,0.34173228346456691,158,4,248
218,0.34330708661417325,159,2,250
219,0.34488188976377954,161,2,252
220,0.34645669291338582,163,1,252
221,0.34803149606299211,164,0,252
222,0.34960629921259845,166,1,253
223,0.35118110236220473,167,0,252
224,0.35275590551181102,170,2,253
225,0.3543307086614173,171,1,252
226,0.35590551181102364,172,1,253
227,0.35748031496062993,175,2,252
228,0.35905511811023622,176,1,252
229,0.3606299212598425,178,2,253
230,0.36220472440944884,178,1,253
231,0.36377952755905513,180,0,250
232,0.36535433070866141,182,1,252
233,0.3669291338582677,184,1,252
234,0.36850393700787404,186,2,253
235,0.37007874015748032,187,2,252
236,0.37165354330708661,188,2,254
237,0.37322834645669289,190,1,252
238,0.37480314960629924,190,0,253
239,0.37637795275590552,192,1,253
240,0.37795275590551181,193,1,253
241,0.37952755905511809,196,1,254
242,0.38110236220472443,196,0,252
243,0.38267716535433072,197,1,252
244,0.384251968503937,198,2,252
245,0.38582677165354329,200,2,252
246,0.38740157480314963,201,3,249
247,0.38897637795275591,200,4,248
248,0.3905511811023622,199,4,245
249,0.39212598425196848,201,6,245
250,0.39370078740157483,204,6,245
251,0.39527559055118111,206,4,246
252,0.3968503937007874,209,3,249
253,0.39842519685039368,211,2,250
254,0.40000000000000002,214,3,252
255,0.40157480314960631,213,3,250
256,0.40314960629921259,212,4,247
257,0.40472440944881888,212,5,246
258,0.40629921259842522,213,6,246
259,0.4078740157480315,215,6,247
260,0.40944881889763779,218,5,247
261,0.41102362204724407,222,4,248
262,0.41259842519685042,226,2,251
263,0.4141732283464567,227,2,252
264,0.41574803149606299,228,2,252
265,0.41732283464566927,230,1,252
266,0.41889763779527561,231,1,252
267,0.4204724409448819,233,2,252
268,0.42204724409448818,234,1,253
269,0.42362204724409447,238,2,254
270,0.42519685039370081,238,2,253
271,0.42677165354330709,239,2,252
272,0.42834645669291338,239,2,252
273,0.42992125984251967,240,1,251
274,0.43149606299212601,242,2,251
275,0.43307086614173229,242,2,249
276,0.43464566929133858,244,2,250
277,0.43622047244094486,244,1,246
278,0.4377952755905512,245,1,247
279,0.43937007874015749,247,2,247
280,0.44094488188976377,248,2,247
281,0.44251968503937006,249,1,245
282,0.4440944881889764,249,1,242
283,0.44566929133858268,250,2,242
284,0.44724409448818897,250,2,241
285,0.44881889763779526,250,2,239
286,0.4503937007874016,251,2,238
287,0.45196850393700788,251,2,237
288,0.45354330708661417,251,2,236
289,0.45511811023622045,248,4,232
290,0.45669291338582679,246,5,230
291,0.45826771653543308,246,6,226
292,0.45984251968503936,246,6,225
293,0.46141732283464565,246,6,224
294,0.46299212598425199,248,4,223
295,0.46456692913385828,250,4,224
296,0.46614173228346456,252,2,224
297,0.46771653543307085,252,2,222
298,0.46929133858267719,253,2,222
299,0.47086614173228347,252,2,219
300,0.47244094488188976,251,2,216
301,0.47401574803149604,250,3,215
302,0.47559055118110238,249,4,214
303,0.47716535433070867,250,4,213
304,0.47874015748031495,251,2,213
305,0.48031496062992124,252,2,212
306,0.48188976377952758,251,2,211
307,0.48346456692913387,253,1,209
308,0.48503937007874015,253,1,208
309,0.48661417322834644,253,2,206
310,0.48818897637795278,254,2,205
311,0.48976377952755906,253,2,203
312,0.49133858267716535,253,1,200
313,0.49291338582677163,252,2,199
314,0.49448818897637797,253,1,198
315,0.49606299212598426,252,2,198
316,0.49763779527559054,253,2,197
317,0.49921259842519683,253,2,196
318,0.50078740157480317,254,1,194
319,0.5023622047244094,253,0,192
320,0.50393700787401574,253,2,190
321,0.50551181102362208,252,2,188
322,0.50708661417322831,253,2,188
323,0.50866141732283465,252,2,186
324,0.51023622047244099,253,1,184
325,0.51181102362204722,253,1,182
326,0.51338582677165356,253,2,181
327,0.51496062992125979,253,2,179
328,0.51653543307086613,254,2,179
329,0.51811023622047248,252,2,176
330,0.51968503937007871,252,2,174
331,0.52125984251968505,250,3,172
332,0.52283464566929139,247,4,170
333,0.52440944881889762,246,6,168
334,0.52598425196850396,245,6,165
335,0.52755905511811019,246,6,164
336,0.52913385826771653,246,4,164
337,0.53070866141732287,249,3,163
338,0.5322834645669291,251,4,162
339,0.53385826771653544,252,3,161
340,0.53543307086614178,250,2,160
341,0.53700787401574801,248,3,156
342,0.53858267716535435,246,4,154
343,0.54015748031496058,246,6,152
344,0.54173228346456692,246,4,152
345,0.54330708661417326,248,4,151
346,0.54488188976377949,250,2,150
347,0.54645669291338583,250,1,150
348,0.54803149606299217,250,2,148
349,0.5496062992125984,253,1,147
350,0.55118110236220474,253,2,144
351,0.55275590551181097,253,2,144
352,0.55433070866141732,254,2,143
353,0.55590551181102366,254,2,142
354,0.55748031496062989,252,2,138
355,0.55905511811023623,252,2,138
356,0.56062992125984257,253,1,136
357,0.5622047244094488,252,2,136
358,0.56377952755905514,253,2,135
359,0.56535433070866137,252,2,134
360,0.56692913385826771,253,0,132
361,0.56850393700787405,252,1,130
362,0.57007874015748028,253,2,128
363,0.57165354330708662,252,2,126
364,0.57322834645669296,254,1,124
365,0.57480314960629919,253,1,124
366,0.57637795275590553,253,1,122
367,0.57795275590551176,253,1,121
368,0.5795275590551181,254,1,120
369,0.58110236220472444,254,1,118
370,0.58267716535433067,253,1,118
371,0.58425196850393701,252,1,115
372,0.58582677165354335,252,1,114
373,0.58740157480314958,251,2,112
374,0.58897637795275593,249,3,111
375,0.59055118110236215,246,5,108
376,0.5921259842519685,246,6,108
377,0.59370078740157484,244,5,106
378,0.59527559055118107,246,4,104
379,0.59685039370078741,248,4,102
380,0.59842519685039375,250,3,100
381,0.59999999999999998,250,2,93
382,0.60157480314960632,250,2,87
383,0.60314960629921255,248,4,81
384,0.60472440944881889,246,5,75
385,0.60629921259842523,245,5,68
386,0.60787401574803146,246,4,62
387,0.6094488188976378,246,4,54
388,0.61102362204724414,250,4,48
389,0.61259842519685037,251,2,42
390,0.61417322834645671,251,1,36
391,0.61574803149606294,252,4,31
392,0.61732283464566928,253,6,28
393,0.61889763779527562,252,8,25
394,0.62047244094488185,253,10,21
395,0.62204724409448819,252,12,18
396,0.62362204724409454,252,14,14
397,0.62519685039370076,252,18,11
398,0.62677165354330711,252,18,7
399,0.62834645669291334,252,21,5
400,0.62992125984251968,252,22,3
401,0.63149606299212602,252,26,2
402,0.63307086614173225,254,30,3
403,0.63464566929133859,251,32,0
404,0.63622047244094493,253,39,3
405,0.63779527559055116,253,41,2
406,0.6393700787401575,252,44,2
407,0.64094488188976373,253,48,2
408,0.64251968503937007,252,52,2
409,0.64409448818897641,254,56,2
410,0.64566929133858264,254,58,2
411,0.64724409448818898,254,60,2
412,0.64881889763779532,254,60,2
413,0.65039370078740155,251,62,1
414,0.65196850393700789,253,64,3
415,0.65354330708661412,254,64,3
416,0.65511811023622046,252,65,2
417,0.6566929133858268,251,66,2
418,0.65826771653543303,249,68,3
419,0.65984251968503937,248,72,4
420,0.66141732283464572,247,72,7
421,0.66299212598425195,247,72,5
422,0.66456692913385829,249,75,6
423,0.66614173228346452,251,74,4
424,0.66771653543307086,253,75,2
425,0.6692913385826772,252,76,2
426,0.67086614173228343,250,78,2
427,0.67244094488188977,250,80,4
428,0.67401574803149611,249,80,5
429,0.67559055118110234,250,83,7
430,0.67716535433070868,249,83,6
431,0.67874015748031491,249,84,4
432,0.68031496062992125,252,86,4
433,0.68188976377952759,252,86,2
434,0.68346456692913382,254,86,2
435,0.68503937007874016,254,87,1
436,0.6866141732283465,254,88,2
437,0.68818897637795273,254,90,1
438,0.68976377952755907,254,90,2
439,0.6913385826771653,254,94,3
440,0.69291338582677164,254,93,2
441,0.69448818897637798,253,94,2
442,0.69606299212598421,254,95,2
443,0.69763779527559056,252,96,1
444,0.6992125984251969,255,98,3
445,0.70078740157480313,253,99,2
446,0.70236220472440947,253,99,2
447,0.7039370078740157,254,100,3
448,0.70551181102362204,254,100,2
449,0.70708661417322838,254,102,1
450,0.70866141732283461,254,102,1
451,0.71023622047244095,252,104,1
452,0.71181102362204729,254,106,2
453,0.71338582677165352,253,106,1
454,0.71496062992125986,255,109,2
455,0.71653543307086609,254,109,1
456,0.71811023622047243,254,110,2
457,0.71968503937007877,253,111,3
458,0.721259842519685,252,111,2
459,0.72283464566929134,254,114,4
460,0.72440944881889768,252,114,5
461,0.72598425196850391,250,115,7
462,0.72755905511811025,248,116,8
463,0.72913385826771648,248,118,8
464,0.73070866141732282,251,120,8
465,0.73228346456692917,251,120,5
466,0.7338582677165354,254,120,4
467,0.73543307086614174,253,122,4
468,0.73700787401574808,251,123,4
469,0.73858267716535431,252,126,6
470,0.74015748031496065,251,126,8
471,0.74173228346456688,250,128,10
472,0.74330708661417322,249,129,9
473,0.74488188976377956,249,129,7
474,0.74645669291338579,251,131,8
475,0.74803149606299213,252,132,4
476,0.74960629921259847,253,133,4
477,0.7511811023622047,254,134,4
478,0.75275590551181104,253,135,4
479,0.75433070866141727,254,138,5
480,0.75590551181102361,253,138,3
481,0.75748031496062995,252,139,2
482,0.75905511811023618,253,140,2
483,0.76062992125984252,253,140,2
484,0.76220472440944886,255,142,2
485,0.76377952755905509,254,143,2
486,0.76535433070866143,254,144,2
487,0.76692913385826766,253,146,2
488,0.76850393700787401,254,145,2
489,0.77007874015748035,254,148,2
490,0.77165354330708658,254,148,2
491,0.77322834645669292,254,150,2
492,0.77480314960629926,254,150,2
493,0.77637795275590549,252,151,2
494,0.77795275590551183,254,153,3
495,0.77952755905511806,254,154,2
496,0.7811023622047244,254,154,4
497,0.78267716535433074,253,155,2
498,0.78425196850393697,254,155,2
499,0.78582677165354331,254,157,1
500,0.78740157480314965,254,157,1
501,0.78897637795275588,254,158,2
502,0.79055118110236222,254,160,3
503,0.79212598425196845,252,161,2
504,0.79370078740157479,255,164,4
505,0.79527559055118113,252,164,2
506,0.79685039370078736,254,165,3
507,0.7984251968503937,254,165,1
508,0.80000000000000004,252,166,2
509,0.80157480314960627,254,168,2
510,0.80314960629921262,254,168,2
511,0.80472440944881884,254,169,1
512,0.80629921259842519,254,172,3
513,0.80787401574803153,253,172,2
514,0.80944881889763776,254,174,4
515,0.8110236220472441,253,176,2
516,0.81259842519685044,254,177,2
517,0.81417322834645667,254,178,2
518,0.81574803149606301,254,178,2
519,0.81732283464566924,254,180,3
520,0.81889763779527558,252,180,4
521,0.82047244094488192,252,182,5
522,0.82204724409448815,253,184,5
523,0.82362204724409449,252,184,3
524,0.82519685039370083,255,186,3
525,0.82677165354330706,254,188,2
526,0.8283464566929134,253,188,3
527,0.82992125984251963,254,189,2
528,0.83149606299212597,253,189,3
529,0.83307086614173231,254,192,3
530,0.83464566929133854,253,192,3
531,0.83622047244094488,254,194,6
532,0.83779527559055122,253,193,6
533,0.83937007874015745,253,194,4
534,0.8409448818897638,254,196,4
535,0.84251968503937003,254,197,4
536,0.84409448818897637,254,196,4
537,0.84566929133858271,253,199,5
538,0.84724409448818894,253,199,5
539,0.84881889763779528,253,200,6
540,0.85039370078740162,252,201,4
541,0.85196850393700785,254,202,4
542,0.85354330708661419,252,204,4
543,0.85511811023622042,252,204,5
544,0.85669291338582676,254,207,7
545,0.8582677165354331,252,207,6
546,0.85984251968503933,254,206,4
547,0.86141732283464567,254,208,5
548,0.86299212598425201,254,209,4
549,0.86456692913385824,254,212,6
550,0.86614173228346458,254,212,6
551,0.86771653543307081,254,212,5
552,0.86929133858267715,253,214,4
553,0.87086614173228349,252,215,3
554,0.87244094488188972,254,218,3
555,0.87401574803149606,254,218,2
556,0.87559055118110241,254,219,4
557,0.87716535433070864,254,220,7
558,0.87874015748031498,254,220,7
559,0.88031496062992121,254,223,9
560,0.88188976377952755,253,224,10
561,0.88346456692913389,252,224,10
562,0.88503937007874012,252,226,12
563,0.88661417322834646,250,226,12
564,0.8881889763779528,252,228,14
565,0.88976377952755903,253,228,13
566,0.89133858267716537,253,230,13
567,0.8929133858267716,252,230,10
568,0.89448818897637794,253,231,6
569,0.89606299212598428,254,234,6
570,0.89763779527559051,252,234,6
571,0.89921259842519685,254,236,7
572,0.90078740157480319,255,238,11
573,0.90236220472440942,252,238,13
574,0.90393700787401576,254,240,18
575,0.90551181102362199,254,242,20
576,0.90708661417322833,254,242,24
577,0.90866141732283467,254,244,27
578,0.9102362204724409,252,244,32
579,0.91181102362204725,253,247,36
580,0.91338582677165359,253,248,42
581,0.91496062992125982,253,248,42
582,0.91653543307086616,254,249,44
583,0.91811023622047239,254,249,44
584,0.91968503937007873,254,252,47
585,0.92125984251968507,254,252,52
586,0.9228346456692913,254,252,58
587,0.92440944881889764,253,252,64
588,0.92598425196850398,252,252,68
589,0.92755905511811021,254,254,73
590,0.92913385826771655,254,253,76
591,0.93070866141732278,254,254,79
592,0.93228346456692912,254,254,82
593,0.93385826771653546,255,255,84
594,0.93543307086614169,253,254,86
595,0.93700787401574803,254,255,89
596,0.93858267716535437,254,255,93
597,0.9401574803149606,254,254,97
598,0.94173228346456694,254,254,100
599,0.94330708661417317,255,255,104
600,0.94488188976377951,254,255,106
601,0.94645669291338586,254,254,110
602,0.94803149606299209,254,255,113
603,0.94960629921259843,254,255,117
604,0.95118110236220477,254,255,120
605,0.952755905511811,254,254,124
606,0.95433070866141734,254,254,127
607,0.95590551181102357,255,255,130
608,0.95748031496062991,255,254,134
609,0.95905511811023625,255,254,136
610,0.96062992125984248,255,254,141
611,0.96220472440944882,255,255,145
612,0.96377952755905516,254,254,148
613,0.96535433070866139,254,254,152
614,0.96692913385826773,255,255,156
615,0.96850393700787396,255,255,159
616,0.9700787401574803,254,254,162
617,0.97165354330708664,255,255,167
618,0.97322834645669287,254,254,171
619,0.97480314960629921,254,255,175
620,0.97637795275590555,254,255,179
621,0.97795275590551178,254,254,182
622,0.97952755905511812,254,254,186
623,0.98110236220472435,254,254,190
624,0.9826771653543307,255,255,195
625,0.98425196850393704,255,254,198
626,0.98582677165354327,255,255,203
627,0.98740157480314961,255,254,205
628,0.98897637795275595,254,255,209
629,0.99055118110236218,254,254,213
630,0.99212598425196852,255,255,218
631,0.99370078740157475,255,254,222
632,0.99527559055118109,255,255,227
633,0.99685039370078743,255,255,231
634,0.99842519685039366,255,255,236
635,1,254,254,240
